Topic,Top_Words
0,"blood, draw, bloodwork, work, drawn, done, quest, station, orders, test"
1,"psa, test, result, results, drawn, draw, lab, rise, order, petrylak"
2,"mri, brain, spine, mris, blondin, scheduled, lumbar, radiology, results, schedule"
3,"appointment, appointments, reschedule, cancel, cancelled, rescheduled, move, scheduling, 00, schedule"
4,"labs, lab, drawn, orders, done, floor, yes, rn, apt, standing"
5,"pet, scan, cat, results, petscan, insurance, scheduled, ct, schedule, images"
6,"scans, scan, scheduled, review, schedule, follow, lacy, visit, results, up"
7,"chemo, chemotherapy, treatment, oral, infusion, start, week, pills, aft, procedure"
8,"results, test, tests, result, ref, yh, testing, yet, released, signatera"
9,"covid, tested, positive, test, negative, quarantine, symptoms, testing, 19, home"
10,"refill, refills, refilled, pharmacy, sent, request, prescription, kelly, sign, supply"
11,"pharmacy, prescription, sent, delivery, specialty, pharmacist, outpatient, set, signed, they"
12,"xeloda, cycle, start, dose, off, pharmacy, feet, tukysa, hold, round"
13,"vaccine, covid, vaccination, vaccines, cdc, vaccinated, state, eligible, patients, shot"
14,"ct, scan, scans, results, scheduled, santin, schedule, cta, kortmansky, done"
15,"radiation, stephanie, therapy, oncology, treatment, treatments, ward, hayman, start, hamden"
16,"injection, injections, petrylak, donna, appointment, scheduled, come, injector, appointments, kim"
17,"ibrance, anc, cycle, start, restart, michelle, cbc, labs, next, off"
18,"port, flush, flushed, removed, removal, placement, remove, ports, chemo, access"
19,"fax, faxed, number, faxing, faxes, 203, 200, email, over, confirmation"
20,"his, he, dad, him, father, appetite, has, rehab, charles, eating"
21,"video, visit, person, conference, appointment, virtual, change, phone, connect, 11"
22,"prednisone, 5mg, mg, 10mg, daily, kluger, taper, dose, he, continue"
23,"chest, pelvis, abdomen, ct, contrast, scan, ray, linked, xray, abd"
24,"surgery, date, surgical, surgeon, recovery, reddy, terri, scheduler, scheduled, clearance"
25,"zytiga, generic, russo, psa, cost, bob, ken, pharmacy, medication, brand"
26,"medication, meds, medications, list, med, drug, start, prescribed, pharmacist, tomorrow"
27,"scheduling, schedulers, schedule, scheduler, scheduled, team, message, our, call, rachel"
28,"dentist, dental, tooth, teeth, cleaning, jaw, xgeva, crown, extraction, oral"
29,"fever, chills, temp, tylenol, fevers, 101, 99, 100, 102, temperature"
30,"sugar, glucose, units, humalog, sugars, a1c, insulin, lantus, bg, diabetes"
31,"booster, shot, moderna, pfizer, covid, 2nd, vaccine, second, third, get"
32,"fmla, paperwork, intermittent, employer, fax, completed, form, leave, forms, fill"
33,"infusion, infusions, taxol, avastin, oct, schedule, off, appointments, scheduled, santin"
34,"hurwitz, destiny, donna, dennis, rn, provenzano, mr, stacie, dr, him"
35,"nausea, zofran, vomiting, ondansetron, nauseous, compazine, anti, stomach, vomit, vomited"
36,"colonoscopy, reddy, colon, endoscopy, gi, ronell, polyp, ileostomy, gastroenterologist, procedure"
37,"testosterone, psa, level, levels, test, quest, lab, results, respuesta, petrylak"
38,"prostate, cancer, therapy, nodes, pet, gleason, radiation, lymph, risk, disease"
39,"yale, referral, edu, billing, faculty, records, physician, transfer, ewa, department"
40,"rash, itchy, itch, cream, itching, rashes, skin, impetigo, legs, raised"
41,"mg, twice, daily, dosage, 40mg, dose, day, pills, tablets, 5mg"
42,"lupron, injection, shot, radocchia, casodex, eligard, luprolide, month, adt, russo"
43,"biopsy, results, liquid, radiology, pathology, laparoscopy, alphonse, schedule, back, tissue"
44,"boyd, joanna, kate, kc, debbie, dr, pass, appt, naturopath, 310"
45,"email, gmail, mail, com, sent, mailed, received, send, address, bridget"
46,"calcium, vitamin, vit, d3, 1000, supplement, iu, supplements, level, daily"
47,"appt, appts, cancel, rescheduled, made, thanx, 11, reschedule, available, kate"
48,"works, 30, 11, 30am, 00, 45, 9am, pm, 40, thurs"
49,"cea, resulted, level, normal, marker, result, results, range, 74, concerned"
50,"thanksgiving, christmas, merry, happy, holiday, holidays, year, family, wonderful, gift"
51,"insurance, company, authorization, registration, 3809, peer, coverage, pocket, deductible, central"
52,"him, he, kate, his, ok, letting, call, behind, give, message"
53,"zometa, infusion, zoladex, dental, calcium, due, kathy, silber, next, labs"
54,"yale, lab, station, orders, location, labs, standing, draw, drawn, destiny"
55,"lacy, amanda, erin, annie, maisey, her, zaiba, jason, tony, hear"
56,"form, paperwork, forms, completed, fill, filled, sign, attached, document, documents"
57,"eye, vision, drops, eyes, floaters, blurry, ophthalmologist, optometrist, double, taf"
58,"orders, placed, order, standing, ordered, entered, put, computer, place, noreen"
59,"voicemail, cell, number, phone, voice, 203, ross, carey, call, tried"
60,"tumor, markers, marker, staining, cells, cancer, dna, profiling, allison, results"
61,"iron, ferritin, anemia, anemic, low, deficiency, supplement, intravenous, infusions, transfusion"
62,"ok, okay, thank, much, great, thanks, okayy, thankyou, very, appreciate"
63,"trial, clinical, trials, study, clinicaltrials, gov, https, participation, lorusso, dare"
64,"records, medical, 2231, 688, 2232, request, 203, release, department, information"
65,"oxycodone, refill, prescription, oxy, renew, refilled, mg, cvs, pharmacy, abbe"
66,"oxygen, breathing, breath, shortness, inhaler, o2, tanoue, vin, nebulizer, pulse"
67,"cough, coughing, mucinex, sinus, gollinger, throat, tanoue, drip, nose, congestion"
68,"mouth, mouthwash, sores, magic, soda, baking, rinse, tongue, salt, rinses"
69,"thyroid, tsh, t4, synthroid, level, levothyroxine, normal, mcg, elevated, function"
70,"yale, pharmacy, specialty, humana, delivery, imbruvica, outpatient, prescription, they, delivered"
71,"donna, lee, thanks, ted, sauers, clue, relayed, thank, gary, ed"
72,"nurse, chevalier, practice, 795, 1664, debbie, berger, 453, orange, smilow"
73,"tramadol, pain, oxycodone, 50mg, prescription, jen, virginia, mg, cvs, tylenol"
74,"xtandi, score, ingeniorx, mineral, pills, argentina, sq, drug, pharmacy, 80"
75,"imodium, diarrhea, bm, loose, sticky, stool, lomotil, 30, immodium, beans"
76,"verzenio, lauren, pharmacy, start, sharon, madelyn, 100mg, peel, hold, regarding"
77,"neuropathy, tingling, numbness, hand, feet, hands, arm, nerve, fingers, carpal"
78,"telehealth, telemedicine, tele, visit, appt, change, person, health, telemed, switch"
79,"cvs, rite, prescription, aid, pharmacy, specialty, caremark, litchfield, resend, 10465"
80,"marijuana, card, medical, renew, expires, license, expired, caregiver, email, renewed"
81,"kluger, laura, kelly, aware, rn, updated, anita, dr, ann, mary"
82,"genetic, testing, gene, genetics, mutation, brca, mutations, brca2, counseling, test"
83,"morphine, walgreens, oxy, refill, jacobson, filled, abbe, walgreen, authorization, matthew"
84,"flu, shot, vaccine, barry, shots, vaccines, get, unger, october, quadrivalent"
85,"great, excellent, awesome, wonderful, thanks, much, thank, terrific, wr, oh"
86,"quest, orders, standing, lab, destiny, order, faxed, entered, labs, rn"
87,"headaches, headache, migraine, migraines, head, neurologist, vision, tylenol, worse, symptoms"
88,"kim, destiny, unitedhealthcare, mr, overseeing, rn, joseph, pearson, dr, barbecue"
89,"call, minutes, gaffney, 5054, 857, calling, forry, 806, chance, ll"
90,"enema, liquids, diet, drink, residue, prep, clear, citrate, fiber, low"
91,"kate, ron, thanx, oh, rosie, williams, great, dan, tuned, goodness"
92,"estrogen, estradiol, menopause, postmenopausal, hormone, fsh, vaginal, ovaries, level, topical"
93,"zytiga, prednisone, taking, stop, empty, taken, 5mg, food, pharmacy, breakfast"
94,"steroid, steroids, taper, dose, pepcid, 4mg, claritin, take, taxotere, 2mg"
95,"mammogram, mammo, ultrasound, cem, breast, middlesex, diagnostic, enhanced, lannin, jenna"
96,"hospice, palliative, care, referral, andie, decisions, services, her, inpatient, waveny"
97,"pcp, tuttle, pict, luis, virus, pcps, birth, your, pcr, who"
98,"liver, enzymes, function, tests, elevated, mgs, values, aminotransferase, monitoring, 34"
99,"reddy, terri, maggie, ronell, video, jason, phone, hass, dr, him"
100,"dexamethasone, mg, take, 4mg, dex, dexamethazone, breakfast, tablets, day, 2mg"
101,"lump, breast, lumps, nipple, right, area, scar, left, armpit, arm"
102,"antibiotics, antibiotic, infection, diflucan, bacteria, prescribed, course, eval, culture, migraines"
103,"weekend, great, enjoy, nice, wonderful, ha, much, welcome, loud, summer"
104,"fine, yes, idea, yea, ok, great, that, lauie, beavis, superstitious"
105,"eligard, injection, leuprolide, month, prolia, july, months, receive, april, deshpande"
106,"rx, optum, cvs, pharmacy, specialty, colestid, rxs, optumrx, yuhs, 7mg"
107,"welcome, re, awesome, amazing, guys, very, best, love, much, yous"
108,"mychart, via, letters, email, app, upload, attach, username, dislocated, under"
109,"density, bone, dexa, test, pants, location, results, pavilion, spine, east"
110,"appt, appts, stein, an, make, petrylak, lasala, eric, fred, gaylord"
111,"letter, return, work, note, restrictions, stating, employer, leave, provide, returning"
112,"script, scripts, pharmacy, sent, walgreens, send, bunker, ready, lynnanne, pt"
113,"laura, perfect, devoted, adjunct, onco, great, thanks, thank, anita, norm"
114,"radiation, pain, leg, hip, left, right, area, lindskog, heat, femur"
115,"zaheer, elizabeth, cares, audra, lets, dr, trial, eliza, medicinal, zanieski"
116,"letter, email, mail, sent, hygienist, received, write, letters, address, andrew"
117,"bp, pressure, dia, sys, readings, bpm, pulse, high, 81, cuff"
118,"drain, drains, drained, drainage, draining, fluid, site, removed, nurse, 30ml"
119,"gabapentin, charles, 300, barden, cindy, 600, 900, celebrex, 300mg, mg"
120,"medicine, effects, professional, doctor, pregnant, drug, signs, health, side, or"
121,"forms, faxed, fax, form, paperwork, completed, filled, 6950, genetech, them"
122,"chiang, 05, fran, throughs, marilyn, seizure, 2020, justine, tagrisso, break"
123,"rehab, mom, her, she, ann, wheelchair, dan, hospital, mother, lynette"
124,"thank, you, same, do, thanks, on, it, and, the, "
125,"miralax, constipation, senokot, fiber, stool, colace, metamucil, softener, movement, senna"
126,"referral, placed, becky, place, christine, waterford, cooper, elspeth, entered, referrals"
127,"tara, dicarlo, follow, denise, dr, calcification, byron, hung, update, nutritionist"
128,"treatment, continue, treatments, 2746, qadan, options, systemic, 512, recommendation, cusack"
129,"symptoms, cuestionario, develop, paciente, historial, entregado, us, worsening, 3k, de"
130,"feeling, better, glad, feel, hope, married, oh, how, man, re"
131,"nadya, tran, tbc, lenvima, postow, shoushtari, paracentesis, wbrt, team, tue"
132,"chart, mychart, shows, appointments, appointment, reflect, facilitate, arlene, calendar, 30"
133,"lymph, nodes, node, enlarged, lymphoma, size, biopsy, biopsied, steps, enlarge"
134,"urologist, urology, dick, 2815, testicular, university, urethra, referral, kim, respond"
135,"wbc, count, white, neutrophil, anc, low, concerned, elevated, cell, translucent"
136,"marlene, xoxo, awesome, 131, appreciate, shanan, funfetti, amelia, madameovary, sgain"
137,"fluids, hydration, bag, iv, ways, hydrated, dehydration, holly, mom, feeling"
138,"sleep, melatonin, trazodone, sleeping, asleep, trazadone, tuttle, night, aid, mc"
139,"nutritionist, nutrition, dietician, lora, diet, calorie, referral, dairy, sarai, eater"
140,"see, wednesday, ya, friday, tuesday, tomorrow, great, thursday, rob, awesome"
141,"pain, neck, back, lower, area, relief, side, muscle, left, areas"
142,"ultrasound, jenna, abruna, schedule, diagnostic, park, 2024, worsens, follow, benign"
143,"ca125, ca, 125, santin, result, ca15, karen, roberta, keytruda, carrie"
144,"emmi, program, healthcare, com, health, startemmi, 3664, 294, html, provider"
145,"cvs, specialty, pick, ave, monroe, guys, called, site, dixwell, padanarm"
146,"fatigue, tired, b12, energy, low, exercise, levels, common, supplements, cll"
147,"contrast, dye, without, iv, ct, scan, authorized, code, scans, visipaque"
148,"uti, culture, urine, antibiotic, utis, antibiotics, burning, bactrim, symptoms, urologist"
149,"goldberg, vin, joan, kelly, fox, replies, message, dr, printed, sent"
150,"destiny, van, rn, update, thank, cheers, degarelix, marc, yontif, reassurances"
151,"elizabeth, posted, obliged, appreciated, cares, keep, condolence, anys, returns, weel"
152,"vitamins, supplements, vitamin, daily, supplement, multivitamin, 2x, metagenics, turmeric, biotin"
153,"lymphedema, arm, therapist, compression, sleeve, ot, pt, referral, pump, ewa"
154,"tylenol, ibuprofen, advil, motrin, pain, take, nsaids, tramodal, night, skiing"
155,"psma, pet, scan, kaump, comparable, nuclear, neufeld, 1011, petrylak, gallium"
156,"ekg, ekgs, clearance, text, klugar, myra, myer, anteroseptal, lds, abnrm"
157,"radiology, radiologist, interventional, lucency, department, leadership, jefferson, location, associates, depends"
158,"ativan, katlyn, klonopin, refilled, lorezapam, psychiatrist, xanax, tummy, walgreens, anxiety"
159,"lorazepam, refill, madonna, refilled, nausea, pantoprazole, loperimide, lorazapem, subjecting, omeprazole"
160,"visitor, allowed, accompany, speaker, visitors, allow, visits, policy, one, guest"
161,"pic, picture, pictures, photo, images, photos, pics, sweatshirt, here, image"
162,"treatment, three, treatments, weeks, schedule, every, 26, wedding, scheduled, norma"
163,"physical, therapy, pt, referral, therapist, muscle, rehab, stim, muscles, c2"
164,"sabbath, marlene, stacey, nicole, andy, maria, rose, dr, story, him"
165,"mougalian, rachel, lynsey, comen, her, felicia, lori, franklin, patrice, counseling"
166,"dizziness, dizzy, vertigo, lightheadedness, spells, sitting, symptom, bit, pulse, prominant"
167,"authorization, auth, authorized, department, prior, cryer, 72, eob, manager, our"
168,"platelets, platelet, bleeding, count, karen, low, acalabrutinib, cbc, clotting, bruising"
169,"cbc, cmp, orders, harriet, standing, markers, tumor, drew, order, ca125"
170,"zoom, waiting, join, meeting, logged, muhammad, beig, via, lacy, laptop"
171,"them, call, they, their, called, 844, reach, 7285, 3040, 8875"
172,"breast, jenna, exam, mammogram, imaging, 337, 8790, center, ultrasound, fusi"
173,"ankles, swelling, swollen, ankle, leg, legs, feet, calf, redness, calves"
174,"update, updated, dowm, l858r, wonderful, posted, great, keep, ok, oh"
175,"silber, carol, tameika, eve, clinic, susan, 30th, norma, dr, forwarded"
176,"liver, mri, cysts, lesion, gallbladder, lesions, gallstones, cm, bile, hepatic"
177,"assistance, copay, cost, offer, income, bracket, 000, pay, salary, pharmaceutical"
178,"dabrafenib, trametinib, tran, lupus, fever, hold, megan, laura, julia, marylou"
179,"renewal, renew, renewed, prescription, renewing, cvs, pharmacy, grams, venlafaxine, m20"
180,"nadia, evgeny, tran, postow, nivo, she, 5330590, case, sievers, we"
181,"prednisone, prescription, cvs, 5mg, pharmacy, script, refill, refills, supply, pills"
182,"board, tumor, case, presented, barney, discussion, ratner, lobe, outcome, monday"
183,"lynn, kerry, cynthia, lea, goodness, ted, ken, lynnanne, peach, great"
184,"29, ca27, 27, antigen, ca, cea, 54, fiducials, cancer, calypso"
185,"nodules, lung, emphysema, nodule, pulmonary, ct, lungs, atherosclerotic, toosey, small"
186,"imaging, diep, cpt, coordinators, closely, administrative, jenna, kimberly, sandy, reconstruction"
187,"thankyou, thank, ma, lol, you, always, as, and, , "
188,"yes, yep, indeed, thank, sooo, does, much, awesome, aimee, very"
189,"anxiety, marijuana, xanax, headaches, cannabis, kortmansky, sleep, lighting, anxious, help"
190,"transfusion, dad, kate, him, bloodwork, he, dont, tentative, til, internet"
191,"mask, masks, surfaces, gloves, hands, sanitizer, soap, hand, wear, washing"
192,"b12, vitamin, supplement, legare, range, mma, levels, level, supplements, deficiency"
193,"milgram, marina, mikhail, behalf, tara, dad, being, cabometyx, dear, his"
194,"liver, biopsy, guided, hemangioma, cusack, hepatitis, surgeon, step, persico, hepatic"
195,"wound, incision, bandage, dressing, drainage, tape, picture, area, wounds, incisions"
196,"great, day, much, nice, lovely, welcome, wonderful, thank, dedication, good"
197,"potassium, normal, rosemary, klor, bactrim, level, adelson, lasix, foods, michelle"
198,"billing, billed, charges, bill, services, bills, invoice, jim, rendered, pay"
199,"sznol, reside, laura, duncan, pred, alison, postpone, known, susan, sometime"
200,"community, tanoue, gratefully, nancy, doctors, bob, blessed, grateful, staff, burtness"
201,"cassidy, tsk, felicia, weekend, words, lockwood, wild, kathryn, spelled, jean"
202,"jury, duty, juror, court, summons, letter, exemption, id, disqualification, form"
203,"fasting, fast, li, 126, needed, blood, draw, thomas, periods, fight"
204,"tamoxifen, paxil, toremifene, nicole, torre, years, aromasin, antidepressant, caroledawn, 2d6"
205,"chemo, blood, chemotherapy, draw, pietrow, round, drawing, bloodwork, drawn, work"
206,"letter, chart, copy, letters, mychart, via, mail, print, signed, pick"
207,"cap, cold, cooling, capping, hair, lynsey, fitting, paxman, fitted, scalp"
208,"oncologist, coral, cape, fl, florida, willbe, cancer, ambros, specialists, moms"
209,"claim, disability, hartleav, satisfy, june, term, std, paid, short, sufficient"
210,"dermatologist, dermatology, skin, sherline, leventhal, photos, refer, girls, happen, moths"
211,"set, all, lynsey, bunker, mastrianni, osimertinib, backus, kay, temodar, hill"
212,"privacy, account, org, safety, preferences, policy, notifications, log, ensure, mychart"
213,"pain, percocet, medication, management, painkiller, meds, izzie, vodapally, elacestrant, donny"
214,"perfect, thank, rechecking, much, clearing, thankyou, truly, yes, totally, debbie"
215,"oxycodone, pain, oxy, paik, hours, oxycontin, tylenol, bell, kick, ronell"
216,"bowel, movement, stool, bowels, movements, miralax, fiber, moving, colace, senna"
217,"prolia, cigna, london, liew, tenacious, pro, dds, fractures, denosumab, crowley"
218,"secretaries, secretary, assist, our, message, messaged, laura, csw, hearing, marlene"
219,"condolences, passed, family, kindness, loss, bob, father, loved, dad, away"
220,"thank, sir, bless, kindly, standing, you, by, , , "
221,"telehealth, telemed, 340pm, televisit, 45, therese, holly, tele, visit, kate"
222,"disability, term, short, form, unum, paperwork, forms, randee, lincoln, attached"
223,"hartford, forms, fax, paperwork, 357, faxed, extension, refax, letter, 5153"
224,"zofran, refill, cvs, tablets, sublingual, dissolving, disintegrating, sabitsky, pharmacy, telling"
225,"chart, sandy, updated, brightens, fabrications, added, ashlee, compliment, cousins, andreina"
226,"mike, fast, affirming, best, sentiment, heads, transporting, beds, reply, responses"
227,"bone, scan, density, potter, results, latest, reading, 516, marston, dated"
228,"great, excellent, fantastic, goody, oh, awesome, coolness, thanx, stumped, okay"
229,"urine, culture, sample, urinalysis, collection, urinate, analysis, specimens, container, 24"
230,"cardiologist, cardiology, sadan, gp, echo, danbury, crestor, diuretics, hull, accepting"
231,"katie, kathryn, funny, mullin, aideless, maiden, hahahah, lightening, fam, inefficient"
232,"levothyroxine, mcg, 150mcg, cvs, prescription, refill, renewed, 100mcg, 90, levothyroxin"
233,"benadryl, allergy, allergic, allergies, claritin, allergist, generic, antihistamine, benedryl, took"
234,"sign, signed, fill, signature, email, dufficy, ymca, deadline, document, jeannie"
235,"set, all, marisol, se, thanx, sue, rest, copy, great, forward"
236,"antibody, antibodies, striational, monoclonal, test, positive, icahn, paraneoplastic, covid, uncertain"
237,"response, quick, prompt, reply, timely, assurance, informative, thank, dexter, replying"
238,"rib, ribs, pain, cage, right, side, sharp, left, winer, muscle"
239,"renewal, renew, ix, chapin4, netcom, state, lowenthal, website, smart, enroll"
240,"petrylak, appointment, horton, available, donna, leffler, johan, 22, calendar, replaced"
241,"haven, north, new, devine, sooner, st, snowing, drive, drag, mercy"
242,"rachel, deserves, felicia, ken, appreciate, thank, schedules, best, julie, wendy"
243,"do, will, kym, thank, thanks, letting, much, always, many, very"
244,"cancelled, cancel, cancellation, cancellations, camping, scafariello, utley, 1130am, slated, eugene"
245,"abiraterone, 250mg, 250, haldas, pills, hurwitz, conroy, stopping, cloudiness, hamburg"
246,"creatinine, bun, ratio, kidney, egfr, creat, range, function, level, kidneys"
247,"wig, boutique, fitting, prescription, wigs, lesley, hair, store, covered, insurance"
248,"yes, nope, yay, absolutely, tahnk, yohooooo, helllllo, emoji, yup, precisely"
249,"pathology, report, jax, rueter, mcgi, jens, laboratory, slovin, jackson, copy"
250,"too, omniscient, shining, well, lucy, sun, as, oh, thank, you"
251,"erleada, dan, 39, williams, repeate, stropped, lieral, intimidating, somone, cmt"
252,"reschedule, rescheduling, rescheduled, 01148604435634, virgin, 2035243905, 6622, 5703, revived, poland"
253,"much, so, thank, sooooo, yay, lol, nice, enough, you, very"
254,"rubraca, metabolic, cbc, ca125, panel, roberta, orders, levoquin, new, put"
255,"pluvicto, nuclear, mexico, treatment, clearance, psma, pluavicto, dates, petrylak, each"
256,"carol, sharon, legwork, omitted, torre, spelling, ms, retirement, fabulous, efforts"
257,"authorization, pharmacy, prior, insurance, auth, alliance, specialty, approved, insurances, elder"
258,"12, 11, 23, fine, 55am, yes, 17, 1140am, settled, preferable"
259,"drucker, gettinger, forwarded, receipt, barb, barbara, await, message, mary, weigh"
260,"anastrozole, sanft, anastrazole, glenda, rozenblit, cassidy, yamada, super, optimistic, aimee"
261,"fischbach, emma, nurse, katie, mieles, message, jenny, printed, saxxon, entdoctorsct"
262,"letrozole, ibrance, boyd, joanna, miriam, stop, hold, prescription, glucose, exemestane"
263,"date, dates, calendar, correct, continuos, intentionally, 5558, 29th, ringer, storms"
264,"clots, clot, ultrasound, hematologist, rule, blood, swelling, leg, arm, coagulation"
265,"norma, carol, best, okay, birthing, dyslexia, pronounce, retire, ariel, soooo"
266,"ambien, refill, lynsey, madness, tzikas, lynnanne, surviving, tummy, lymphocele, sadly"
267,"xanax, branford, alprazolam, refill, marianne, beach, 9485, izzo, west, rd"
268,"hemoglobin, transfusion, cbc, scrapes, dad, platelets, nosebleeds, low, his, westfal"
269,"verzenio, diarrhea, stomach, hurting, taking, stools, fulvestrant, took, stop, sick"
270,"fentanyl, patch, patches, 12mcg, mcg, sue, mom, diflucan, virginia, marlene"
271,"bruising, bruise, bruises, photo, spots, eye, pluerx, attached, arms, purple"
272,"cholesterol, panel, lipid, kumar, estradiol, custom, foss, rob, blood, add"
273,"xarelto, tooth, 9732, 468, eada, walgreens, 20mg, charlie, logan, accomplish"
274,"exercises, muscles, kegel, pelvic, incontinence, bladder, kegels, muscle, leaking, squeeze"
275,"lyme, doxy, fever, bulls, rashes, disease, doxycycline, cape, serology, negative"
276,"jen, jennifer, jenifer, holly, perfect, dom, federico, vanessa, judi, welcome"
277,"sounds, good, adora, ok, thank, thanks, eve, meantime, great, welcome"
278,"abiraterone, pharmacy, coverage, swc, insurance, authorization, soeder, specialty, ken, bailey"
279,"hydromorphone, clonazepam, refill, lorazepam, refills, refillable, kelly, refilled, 21st, filled"
280,"aflac, paperwork, fax, form, filled, longterm, hartford, accordance, faxed, page"
281,"echo, echos, gracie, scheduling, scheduled, stockbri, rolled, bald, yen, ticker"
282,"knife, gamma, brain, chiang, boire, lesion, blondin, mercury, lobe, swelling"
283,"neurology, forgetfulness, neurologist, memory, situational, awareness, neuro, vessels, acetyl, carnitine"
284,"script, scripts, cvs, sieve, monroe, silver, apex, lyrica, ready, harry"
285,"behalf, margaret, hrabchak, kennedy, marcinek, james, being, jay, kish, lewis"
286,"dad, weds, kate, bring, slept, he, guard, sleeps, house, 11"
287,"social, worker, application, proxy, proxies, allow, resources, financial, eleanor, referral"
288,"reddy, terri, surgery, maggie, giffrey, shake, colostomy, reversal, message, talk"
289,"viagra, relugolix, cialis, menopause, sexual, leuprolide, yalemedicine, gynecologic, sildenafil, addario"
290,"shingles, valtrex, valacyclovir, urgent, rash, diagnosed, blisters, pcp, isolated, waist"
291,"privacy, account, org, safety, preferences, policy, notifications, log, ensure, mychart"
292,"erin, amy, melissa, tillman, dave, appreciated, professionalism, appreciate, much, gallagher"
293,"approved, brooks, daphne, studies, peer, african, certification, american, approval, 575"
294,"schellhorn, gineesha, rachel, 05, 4329, 856, 8am, 04, staging, shellhorn"
295,"thanks, ladies, don, he, on, it, is, , , "
296,"therapist, psychiatrist, worker, social, responsibility, psychology, therapists, psychiatry, therapy, liked"
297,"cyst, ovary, ultrasound, ovarian, gyn, ectopic, ratner, pregnancy, cysts, gynecologist"
298,"bicalutamide, 50mg, memory, tara, daily, leuprolide, communicated, continue, stop, biclutamide"
299,"cvs, refill, derby, madison, west, request, refills, meriden, prescription, guilford"
300,"pancreatic, farrell, diseases, 5083, endoscopy, 2235, james, clara, pancreas, 200"
301,"messages, business, mychart, monitored, respond, urgent, weekends, 72, communications, hours"
302,"letting, know, advising, great, jy, okay, says, me, awesome, prompt"
303,"stool, photo, thermometer, bright, ronell, bowel, bell, movement, blood, sortiment"
304,"zofran, compazine, take, nausea, pepcid, wary, er, decadron, distress, eder"
305,"walgreens, boston, 1083, post, tavares, walgreen, 878, rd, road, file"
306,"flashes, hot, ww, anatra, aneja, mgms, libertino, victor, megace, firmagon"
307,"tube, tpn, mom, feeding, selkin, barium, starve, jennifer, death, modified"
308,"ok, thanks, understood, figured, decide, comes, guess, ll, great, what"
309,"decadron, 3mg, deacadron, 4mg, mg, epstein, 2xday, decadrone, gaylord, mouth"
310,"dose, reduction, darrel, hydrochliride, riseperidone, fine, dosing, rtc, distinctly, ibandronate"
311,"eliquis, walgreens, refill, meloxican, prescription, shop, 0654, zhang, starter, pharmacy"
312,"looks, overall, look, everything, good, miraculous, ensuring, warm, showers, compress"
313,"ok, will, okay, do, thankyou, thank, thx, oh, thanks, records"
314,"hormone, therapy, favor, ceasing, gray, delaying, henry, aggressive, park, estrogen"
315,"then, perfect, see, way, rearrange, soeder, shoreline, krista, ok, ken"
316,"eliquis, anticoagulation, gorshein, carleton, stop, resume, asad, anticoagulant, thromboembolism, 029"
317,"appeal, denial, natera, pocket, denied, coverage, letter, insurance, duncan, anthem"
318,"melanoma, marrow, removed, dermatologist, squamous, biopsy, charles, 6622, seborrheic, keratosis"
319,"4811, 200, 203, 3718, 863, 755, yep, 3709, 5500, 2023010616"
320,"inr, fluctuate, 008, goal, 1253, 045, wasa, 616, 99, 90s"
321,"cheryl, mack, marlene, oxox, great, waterfall, loupron, xoxoxo, roseanne, sweet"
322,"867, lisa, 8156, 5620, 873, 2080, 06518, msn, fnp, heartbeat"
323,"swelling, swollen, redness, alieve, mobic, numbness, jackie, totaling, adriana, worse"
324,"immunotherapy, ivermectin, brafi, immune, sussman, igg, tolaney, hypothyroidism, autoimmune, cells"
325,"insurance, orgovyx, cost, pay, co, covered, cover, expensive, grant, 000"
326,"petrylak, passed, gratitude, kate, implicitly, someones, jackpot, amywasterlainmd, kunz, trust"
327,"shingles, vaccine, vaccination, shingrix, 07, ml, vaccinations, pharmacist, southbury, shop"
328,"braftovi, mektovi, optum, sznol, specialty, kluger, bratovi, 225mg, prescriptions, tablets"
329,"lynparza, angelea, lypophilic, fail, margherita, mancini, ernestine, hgb, off, sign"
330,"xgeva, francis, mehra, shoshana, shot, shoreline, injection, smilow, st, gayle"
331,"blondin, alright, 9075, rach, gwen, 779, believer, miracles, el, films"
332,"sounds, plan, blockade, controversial, layout, outline, believer, olive, tuned, finalize"
333,"done, curiousity, straightforward, set, vote, thst, televideo, girls, hal, derm"
334,"floor, smilow, street, 4th, pavilion, fourth, haven, annex, robo, 38a"
335,"got, replying, ok, clarification, doug, thanks, it, thx, appreciated, thank"
336,"joe, nagrabski, sznol, susan, cscan, his, hospital, appointments, he, rescheduled"
337,"updated, laura, update, keep, julia, news, us, keysha, sn, ritz"
338,"problem, no, anytime, prob, automatic, cori, clarifying, perfectly, critical, wow"
339,"weight, lbs, loss, obese, mass, weighed, definition, font, standalone, bmi"
340,"lovenox, eliquis, oconnor, apixaban, yu, twice, zerelto, express, shots, scripts"
341,"ok, okay, oh, tks, cool, ill, tired, bill, find, really"
342,"ok, okay, thank, thankyou, doc, oh, you, what, that, is"
343,"approved, tarrytown, 10607, tsapatsaris, 1718, pharmacy, dimitrios, 997, approval, medication"
344,"stoma, pouch, convatec, skin, pouches, 64, jim, output, hollister, wafer"
345,"letter, below, whom, shut, stating, jamie, clarify, info, concern, karen"
346,"faslodex, joc, thinks, injections, digiovanna, valerie, burstein, 500, fischbach, scalp"
347,"digiovanna, along, message, minola, kelley, alessandra, pass, judson, forwarded, doreen"
348,"cymbalta, tablets, mg, 60, wellbutrin, 60mg, daily, 30mg, judy, increase"
349,"worries, no, guilty, ohhh, worrier, gotcha, oops, hadn, rush, detail"
350,"antigen, ref, yh, prostate, specific, total, ng, 900, ml, range"
351,"sounds, ok, good, pick, lisa, im, tomorrow, okay, home, let"
352,"pills, pill, cycle, day, inlyta, schdule, gilson, bm, start, dose"
353,"lee, nantucket, darian, middleton, sulfa, lynn, barb, maloney, receipt, shelly"
354,"appreciate, appreciated, much, greatly, seriously, million, very, thank, lol, really"
355,"persico, zang, abcess, gilson, weeds, jmw, alessandro, lyanna, rowlands, katie"
356,"uterus, hysterectomy, iud, ovaries, obgyn, menderes, removing, removed, fibroids, uterine"
357,"kortmansky, lustberg, jenifer, kevin, jen, dowd, lindskog, higgins, dmitri, baranski"
358,"sleeve, compression, stockings, socks, boutique, devita, lynore, kathy, annually, wear"
359,"kisqali, packs, accredo, 1946, refills, pharmacy, skana, prescription, cost, start"
360,"cryer, dick, richard, shelly, 9265, 344, selleck, behalf, woods, michelle"
361,"eric, bernadette, boyd, zhu, methadone, greetings, campbell, rx, lonsurf, alleva"
362,"cup, ounces, juice, fruit, vegetable, six, cooked, pulp, fiber, snack"
363,"stone, stones, passed, kidney, pee, bladder, analysis, ureter, ultrasound, passing"
364,"travels, safe, trip, march, enjoy, stabe, vacation, conducive, summer, vacations"
365,"feeling, better, toothache, glad, experience, feel, maze, persevered, debaise, rhodes"
366,"cd, cds, disc, pomerantz, disk, uploaded, reports, records, images, alena"
367,"pain, worse, pelvi, sharp, anywhere, professionalism, real, tylenol, complainer, 3744"
368,"flomax, tamsulosin, papanikolaou, 4mg, frequency, capsule, cardura, urinary, choice, nightly"
369,"throat, voice, swallow, hoarse, sore, bow, allergies, water, gargling, lymphs"
370,"gineesha, angi, rachel, aaugghh, ginisha, 04, meredith, hose, 333, 1970"
371,"privacy, account, org, preferences, notifications, log, mychart, ynhh, encouraged, complete"
372,"torrington, pete, nurse, smilow, draw, rick, gottfried, saves, bloods, blood"
373,"saybrook, guilford, old, 111, partly, marsh, tanner, goose, lane, exit"
374,"wisniewski, jill, hemoglobin, bob, transfusion, robert, oxygen, transport, draw, his"
375,"val, sonny, her, she, hands, adivan, adavan, oral, pressure, dizzy"
376,"endocrinologist, endocrinology, curbside, informal, endocrinologists, rosewater, fernando, referral, hari, endocrine"
377,"chat, talk, available, anytime, krupa, eastern, love, 30, time, tied"
378,"metabolic, comprehensive, panel, resulted, erleada, lft, volkmar, glucose, alcohol, question"
379,"karen, marlene, 0845, 0730, 0800, thee, 1400, 1300, mml, problems"
380,"buddy, do, will, peter, try, soon, very, please, can, "
381,"catheter, foley, catheterize, salamone, foster, self, catheterization, strombakis, removed, robotic"
382,"form, fill, forms, filled, alaska, kwon, attending, completed, pdf, refund"
383,"kelly, merry, misread, riding, appreciated, wig, nice, crossed, words, thanks"
384,"uuuu, xo, lucky, thank, love, you, much, thanks, so, and"
385,"pleural, fluid, effusion, catheter, breath, shortness, donka, pulchalski, lung, aydin"
386,"hip, replacement, hipec, turaga, herbst, surgery, pao, surgeon, boone, minotti"
387,"mean, does, what, funny, girl, guy, reason, meaning, obviously, wrong"
388,"urine, urinated, penis, clot, urologist, blood, kegels, diaper, bladder, urinary"
389,"base, touch, feeling, he, better, marginally, pissed, midweek, elan, endodontist"
390,"patting, site, injection, rash, bailey, redness, inches, bump, rigorous, skin"
391,"hormone, shot, aneja, injection, shots, hormones, months, evie, petrylak, duration"
392,"lim, arlene, coleen, gina, wijesekera, caught, boey, wednesda, 4951, aware"
393,"risk, letter, high, exposing, covid, school, coloma, 19, eltion, meets"
394,"stent, replaced, taper, stents, steroid, kardos, procedure, hebbar, clara, ureters"
395,"privacy, account, org, preferences, notifications, log, mychart, ynhh, encouraged, complete"
396,"7802, she, born, her, perfect, 6pm, 266, call, harriet, calling"
397,"gabapentin, refill, capsules, refills, fla, 300, three, prescription, quantity, havey"
398,"russo, fynan, lowenthal, maureen, originally, hoxie, turn, renewed, pamela, drbhatia"
399,"torrington, pete, accommodate, reach, choppers, reassignment, bridget, cristina, cap, shawna"
400,"help, appreciate, much, soo, really, assistance, your, thank, answers, type"
401,"gwen, victor, her, navid, avastin, greenwich, vessels, she, internal, lovenox"
402,"bras, prosthesis, boutique, bra, prosthetic, mastectomy, code, diane, saxton, dietmann"
403,"maureen, roberta, athletes, nuun, nice, neice, nulasta, rn, texting, spelled"
404,"nail, nails, vinegar, fingernails, soaks, soak, salon, water, peroxide, dry"
405,"attached, enclosed, heres, see, ck, subject, pdf, image, attach, thanx"
406,"mucous, rectum, colostomy, mucus, enema, plug, discharge, jim, reddy, stool"
407,"handicap, permit, dmv, parking, placard, plaque, sticker, application, form, handicapped"
408,"finalized, urine, 2815, culture, 785, infection, active, free, urinalysis, normal"
409,"hair, thinning, loss, rogaine, biotin, globs, yadah, abemaciclib, cause, evie"
410,"taf, mek, tafinlar, mekinist, taflinar, restarted, prestique, 75mg, carroll, sandi"
411,"gas, stomach, bloating, pepto, acites, pains, eat, bismol, marilyn, bouts"
412,"pump, disconnect, disconnected, disconnects, needle, meg, westerly, ostrander, removal, 46"
413,"alt, ast, alcohol, higher, levels, elevated, testings, noticed, drinking, ratio"
414,"copy, mail, mailed, com, yahoo, jameica65, lmhotaling, email, uva0593, lyncastillomatubis"
415,"her, she, vna, aunt, fluids, harry, bowel, diarrhea, mom, ammonia"
416,"lidocaine, patches, patch, saran, cream, apply, wrap, prilocaine, lidoderm, glob"
417,"drive, driving, oxi, independence, yourself, legality, bantam, someone, dui, oxycontins"
418,"cream, hydrocortisone, boob, steroid, psoriasis, urea, counter, nikolai, dermatologist, apply"
419,"kim, carol, enjoy, congeniality, vaccinces, anytme, words, truthful, excellence, cooperation"
420,"probiotics, probiotic, ingredients, dan, seed, pneumonia, normally, ann, buy, prebiotics"
421,"report, reports, app, finalized, carespaceportal, ccda, 3attachments, 000z, startdate, pd_05z938n99c3hmsxsjqpc"
422,"mary, ellen, diotalevi, hero, phew, welcome, fifth, journey, ease, christin"
423,"cataract, surgery, eye, gaffney, eyes, tonia, exam, bromide, ultasound, rold"
424,"discharged, hospital, him, mess, his, caring, donald, terrifically, elsewise, theyll"
425,"safe, stay, staying, rxo, gotcha, miss, proud, attitude, cautious, pituitary"
426,"increasing, spots, areas, skin, picture, michaela, redness, hot, compared, swelling"
427,"visit, visits, face, defer, gordon, smiley, coincide, roughly, houston, claudette"
428,"fax, 2026, covering, isufi, anderson, coworkers, 8019, upgrading, gutknecht, 1449"
429,"filled, fill, filling, iliostomy, davies, novartis, endocrine, reversal, amanda, kyle"
430,"bowel, cramping, stomach, stool, diarrhea, gas, softners, gurgling, nuts, movement"
431,"katoch, marlene, remember, rounding, off, her, allowd, hospitals, ask, bothering"
432,"2022, delay, hooray, wait, alison, patti, azucena, edward, 2023, 2021"
433,"tagrisso, phoebe, refills, mom, goldberg, doses, bochet, approval, refill, left"
434,"colitis, sigmoidoscopy, chang, zeposia, jairam, spaceoar, steve, flare, vikram, steinberg"
435,"acupuncture, accupuncture, acupuncturist, neuropathy, shang, clove, massage, kanowitz, tree, pains"
436,"got, gotcha, martha, it, ll, ok, now, next, week, has"
437,"normal, alerted, rawlins, seroma, birds, watch, behavior, close, worry, hotchkiss"
438,"tran, cleary, nadya, kathleen, compiled, adriana, evgeny, uploading, aneta, erika"
439,"hernia, repair, reddy, scion, laparscopically, 6060, chylous, nu, cheung, inguinal"
440,"differential, auto, resulted, cbc, question, 20, 49, mch, pm, mcv"
441,"gi, jasse, ariel, ali, judson, 4552, 4451, greene, metroplus, aslainin"
442,"letrozole, migraines, migraine, dizziness, headaches, erin, digiovanna, cgrp, vyepti, palbo"
443,"weekend, nice, great, laura, enjoy, peeps, minnesota, sweetie, halligan, fsh"
444,"effects, side, cumulative, recomendations, onces, blast, alcensa, outdoors, taryn, iced"
445,"lyrica, sherrie, authorization, neuropathy, patches, swidler, lidocaine, 50mg, dodd, victoria"
446,"walgreens, prescription, walgreen, abbe, 337, jess, constitutes, preauthorize, discovering, levitra"
447,"getting, quickly, back, welcoming, elder, promptly, ostrander, goodness, ty, awesome"
448,"come, grocery, available, yes, stores, liked, keyonna, coming, aunt, snow"
449,"management, pain, specialist, gauer, 4673, brenan, significan, 319, 2802, 9355"
450,"pulmonary, rehab, referral, orthopedic, orthopedist, operates, audra, winchester, lung, pulm"
451,"amoxicillin, cleaning, dentist, antibiotic, tooth, dental, 500, antibiotics, root, 875"
452,"news, great, crying, jy, wow, iris, such, awesome, slow, excellent"
453,"genentech, taya, alecensa, caron, lamott, alectinib, occupy, indebted, 5922, 463"
454,"bone, scan, scheduling, ronda, ese, 659, rosemerry, located, norma, 30pm"
455,"igf2, breast, biopsy, specimens, staining, holt, middlesex, spreading, pathology, cancerous"
456,"nubeqa, darolutamide, lauragene, bayer, nubequa, specialty, dexamthosone, rovide, prefill, arrage"
457,"cancel, appt, cancelled, petralyk, appts, kahn, lauragene, altieri, kodali, 1100am"
458,"xray, gooble, walk, city, xrays, hudson, valley, magda, ray, 2463"
459,"nasal, spray, mist, nose, intranasal, drip, mucosa, guaifenesin, dry, nostril"
460,"despande, referral, desphande, michaela, greatly, appreciated, submitted, curious, progress, 2100"
461,"lasix, edema, swelling, legs, ankle, gineesha, swollen, lbs, feet, 145"
462,"thank, you, , , , , , , , "
463,"casodex, stephanie, possum, dave, leddy, melissa, kim, 1661, verwritten, uptakes"
464,"taya, working, headway, maisey, sarah, team, kylie, donnelly, cassidy, done"
465,"0815am, fine, whoops, 20th, typed, feb, oops, june, begun, harm"
466,"29, marlene, ca27, ca, 27, 147, kk, thereabouts, age, drawn"
467,"cbc, ribociclib, diff, abemaciclib, cocerned, c1d15, align, everything, armond, gre"
468,"fax, nix, 227, records, echocardiogram, 205, janet, number, 845, 646"
469,"carrie, ahhhh, peer, vibes, rn, fixed, wow, crossed, karen, 9am"
470,"grants, application, grant, financial, social, komen, fillings, worker, angela, apply"
471,"bulgaru, denise, gayle, socha, blonkin, dermatologists, rn, fields, cj, proussaloglou"
472,"capecitabine, cup, spoon, contents, tablets, dissolve, water, ops, prescription, dosage"
473,"easter, brun, hilda, happy, family, enjoyable, randy, baseophils, knowlton, extended"
474,"cipro, uti, ciprofloxacin, hesse, interfere, urologist, antibiotic, infection, urine, respons"
475,"amanda, denise, alana, alena, azucena, thanks, thank, great, much, you"
476,"tamoxifen, period, irregular, spotting, nicole, gyn, bleeding, obgyn, menstruation, light"
477,"kelley, dedication, vibes, lines, ted, beautiful, appreciate, angela, problem, excellent"
478,"much, so, thank, everything, thanks, you, for, will, , "
479,"painful, uncomfortable, ice, thots, twisted, resnick, unmanageable, pints, fridge, pin"
480,"ok, okay, feedback, thank, thanks, you, an, dr, for, the"
481,"carol, therese, reauth, paula, phase, guildford, blessing, release, josie, message"
482,"mike, bochet, flexarill, greenspan, jan6, petrylack, jan7, mikes, until, 2204"
483,"attachment, malette, jamie, emailing, attachments, sms, var, org, ynhh, karen"
484,"teresa, maisey, amanda, theresa, walter, qadri, taryn, phillip, spelled, shes"
485,"fenn, desir, housri, lis, doctor, yi, responding, greatly, thank, legare"
486,"deshpande, tentatively, communicated, transport, knows, resolved, needs, secretaries, 276, placed"
487,"checking, oh, thx, awesome, confirming, ok, check, bill, into, thanks"
488,"tap, amandan, omayra, laurel, leo, jamali, hey, sherri, sir, steph"
489,"yku, yoi, thanks, thank, , , , , , "
490,"changes, changed, isa, whew, oa, change, erhonda, monitor, anything, world"
491,"phew, boss, xo, barb, wish, point, thank, went, thanks, you"
492,"records, anthony, castagno, okatie, florida, 843, 707, 8091, fax, 862"
493,"karen, ooxoxoxo, seder, spiraling, thimble, bright, gollinger, joan, awesome, heads"
494,"clarification, clarifying, sekou, ah, difficulties, azucena, okay, disregard, awesome, eve"
495,"very, much, bb, thank, you, hello, , , , "
496,"glendening, kids, frantic, childrens, iep, missed, conferences, commitments, lunch, urgent"
497,"aranesp, cryer, authorization, selleck, woods, richard, 2022, weekly, nplate, shelly"
498,"land, conference, 50, eithereed, wednesdat, whooohoo, oncotypedx, 2675, phone, 274"
499,"perfect, alright, refer, smilow, ok, something, yes, me, will, this"
500,"picked, pick, ready, gisella, up, gladys, successfully, flying, rock, thankyou"
501,"ct, state, 75, guidelines, pleaser, 06825, recert, vernon, 79, prince"
502,"jim, careo, warren, ya, goodness, kyle, amazing, dana, donna, thanx"
503,"supply, 90, cvs, winsted, express, derby, sent, specilaty, day, vanessa"
504,"ada, paperwork, fill, discriminated, union, return, forms, gaddy, nroc, offensive"
505,"jamie, karen, eye, form, keep, ame, out, an, doug, ellen"
506,"astrazeneca, lynparza, medvantix, prescription, carolyn, never, sd, lymparza, bottle, biologics"
507,"bill, rehab, liza, wagner, lowery, his, sheila, martin, nl, behaviors"
508,"sodium, chloride, marylou, salsalate, salt, low, 2784, redrawing, delightful, antiinflammatory"
509,"done, kc, oh, along, move, hoping, things, ok, okay, working"
510,"fax, trainor, number, results, faxed, jackson, yamato, 3003, 4253, 5888"
511,"chart, messages, 4822, urgent, monitored, weekends, vm, weekend, 200, non"
512,"burning, sensation, penis, putsztai, catheter, photosensitivity, continual, testicles, throbbing, urinate"
513,"heart, svt, tachycardia, atrial, bpm, rate, rates, palpitations, wave, beat"
514,"enzalutamide, setaro, darolutamide, haldas, larry, merritt, 855, statin, shear, enzaludimide"
515,"taxol, xeloda, zero, votes, taxane, doors, progression, vote, vyepti, trial"
516,"print, printable, printing, verbally, yes, way, links, media, blocks, device"
517,"verzenio, fowler, refill, specialty, lilly, julie, box, imodium, lynn, pharmacy"
518,"keppra, lamotrigine, auras, lamotragine, chris, blondin, 500, mg, nick, 400"
519,"olaparib, verapamil, mutations, barrett, brca2, malignant, schellhorn, olapraib, inhi, mutation"
520,"696, 8298, vineyard, 508, cmp, fax, martha, theyw, fred, hosptal"
521,"refilled, tweek, loop, close, outpatient, ahead, infuse, based, segyoung, recent"
522,"tagrisso, fred, milligrams, 40, 80, astrazeneca, az, mike, testimonials, algaecal"
523,"lupron, bi, psa, postpone, shot, curious, monthly, whether, quit, irrigated"
524,"apt, apts, brochure, amanda, accomodation, kadcyla, schedulers, erhonda, mhaire, stefanie"
525,"wife, accompany, speaker, allowed, participate, himr, attend, dpt, vist, visitors"
526,"ok, thanks, mm, late, little, know, was, it, , "
527,"nodules, cancer, myfibroplastic, tricking, tumor, mercury, leiomyosarcoma, screwing, zykadia, bumping"
528,"diarrhea, lanreotide, pnet, speculate, salmonella, recurred, resumes, tc, captem, 154"
529,"chair, chairs, felicia, infusion, erin, mougalian, punished, rns, unpredictable, pestering"
530,"shot, shoot, research, legal, extensive, cases, merck, synvisc, dismiss, memorized"
531,"virginia, john, bridgeport, treatments, ave, transport, rabacs, ludlowe, inpatient, park"
532,"instructions, therapists, machine, cryer, figure, couldn, floridia, diverted, heather, directions"
533,"culture, urine, 2815, asymptomatic, urgency, urinary, urology, 785, burning, kidney"
534,"nephrologist, kidney, function, madoff, kidneys, alectinib, boyd, sartan, ynhm, kinder"
535,"surgery, colon, clearance, ostomy, primary, cleansing, feldene, daypro, indocin, clinoril"
536,"process, gp, local, yet, via, occurred, mix, lunch, still, reminder"
537,"shoulder, marino, arthritis, orthopedics, penniman, nerve, reassuring, ortho, leg, xr"
538,"signing, delayed, amanda, jess, im, sign, logging, em, b4, she"
539,"piqray, 50, approve, mg, specialty, faaslodex, 4700, pharmasist, reinforced, annestrozole"
540,"thx, sir, ty, ok, works, got, great, they, it, you"
541,"podiatrist, toe, cut, vascular, foot, nail, nails, rzpra5d0otw, chickened, softened"
542,"secretaries, reschedule, 6622, secretary, rescheduling, edmund, 200, assist, dressed, fine"
543,"yes, please, thank, and, you, , , , , "
544,"phos, alk, phosphatase, alkaline, elevated, alecensa, rising, rochester, mi, mrcp"
545,"massage, massages, integrative, liza, lowery, masseuse, lymphatic, therapist, outpatient, putnam"
546,"secretaries, appointments, clinical, melvin, 840am, 4822, secured, 715, 745am, 4622"
547,"ativan, valium, mri, relaxant, chiarantano, komal, overnighted, 1hr, walgreens, ereshena"
548,"jeff, appreciated, donna, thnks, edmarie, much, tammy, sounds, thanks, worries"
549,"clinic, leventhal, peek, shum, 07, 3pm, gambaccini, vyas, thanky, elspeth"
550,"dowd, message, messagegordon, thanksi, mis, letrozole, second, jen, following, reply"
551,"physically, michaela, kathleen, mindful, referral, print, fevers, deshpande, fax, myself"
552,"newton, ocn, jessica, rn, pass, news, leonard, colleagues, ask, along"
553,"redness, fevers, fznols, pen, appr, detect, heat, affected, spreading, michaela"
554,"dilaudid, everyone, refilled, xoxox, marlene, refill, rose, ro, cooooold, tad"
555,"ither, nessage, thimk, take, yep, luo, hailan, ok, summer, hurt"
556,"cycle, carbo, 06, atbeg, sweeet, pinkie, fot, 14th, reminding, kori"
557,"chart, devon, attach, atlantagor, dexascan, coo6, mangin, upload, send, email"
558,"lymphocytes, atypical, lymphocyte, neutrophils, cll, metamielocytes, malformed, polychromatic, range, lymphoctes"
559,"tagrisso, lan, highlighted, jan, kaho, miscommunication, goldberg, andy, nitis, isso"
560,"exact, dates, jamie, clarify, 4th, fill, want, form, karen, date"
561,"echocardiogram, echo, probe, enhertu, cardiologist, marcinek, fotjadhi, elascestrant, bcc, inadvertantly"
562,"hear, great, haha, glad, yay, worked, goes, okay, happy, good"
563,"appreciate, help, paula, alisha, bethany, nena, assistance, shanan, dina, haigney"
564,"bicalutamide, leuprolide, injection, 867, 4822, 21, liscomb, avenue, shyam, sunder"
565,"hafez, emilia, fingerstick, hemoglobina1cs, 5826, gwen, kind, hga1c, misplaced, 376"
566,"wiped, kill, rough, stronger, jamie, ca, cells, infection, ready, pretty"
567,"diet, residue, fiber, fruits, seeds, vegetables, low, soups, vegetable, pulp"
568,"pcr, rapid, test, swab, administered, negatives, platforms, self, mandatory, platform"
569,"bicalutamide, bayer, cns, reinert, bicalutimide, psa, renzulli, concur, guys, darolutamide"
570,"swimming, pool, swim, submerge, surface, water, broccoli, floating, violent, rebers"
571,"hair, color, chemicals, stylist, demi, hibernate, paulette, coloring, reopen, fragile"
572,"cecchini, dania, amanda, erin, val, hes, phipps, responds, clara, cristina"
573,"claritin, holly, hafez, acetaminophen, intensify, pain, patie, soarness, nts, known"
574,"joint, knees, subsides, brutal, yard, pain, movement, hips, wrist, incorporating"
575,"leg, ray, crutches, rays, xray, cane, 767, winer, 1146, reviewd"
576,"feet, balm, cream, foot, soles, socks, peeling, bag, potency, udderly"
577,"ensure, vanilla, chocolate, plus, lis, 3x, 1964, chardon, walgreen, 8lbs"
578,"lasix, lasik, afinitor, edema, gabapetin, foot, drastically, spironolactone, feet, hasbrouck"
579,"metformin, daily, insulin, 75mcg, victoza, mg, twice, meal, injectables, y9ou"
580,"pat, weighing, filling, perfect, posted, necessary, much, says, glad, thank"
581,"liquids, drink, citrate, anesthesiologist, operating, surgery, parking, magnesium, bottle, room"
582,"jaime, vince, thanks, relief, big, appreciate, very, much, thank, it"
583,"kavanaugh, maria, marottoli, vincent, behalf, muriano, dad, being, goldberg, offredi"
584,"19, facemask, animals, covid, soap, people, arizona, sick, pets, hands"
585,"burning, preasure, bladder, stream, urination, urinate, profound, empty, urinary, notable"
586,"terminology, prayer, manufacturers, effect, 4329, 856, franklin, avoiding, act, definitely"
587,"amlodipine, bp, romidepsin, pressure, systolic, diltiazem, diastolic, mmhg, besylate, 130"
588,"booklet, covid, smell, swab, 98, symptoms, antibiotic, positive, feel, choronovirus"
589,"off, weeks, eribulin, shamshad, serena, partner, stacie, fine, days, dennis"
590,"sweats, cll, bedding, nights, 06, awakened, underarms, isufi, night, sll"
591,"signatera, natera, kit, bb, cadence, rnc, scheifele, draws, draw, test"
592,"avastin, enhertu, bevacizumab, data, mainstream, gb, pmc8573431, tukyasa, precede, inclu"
593,"accredo, 2523, ironed, expedite, pharmacy, snag, delivery, 1557, owner, recalled"
594,"office, liz, kills, james, taxotere, rob, matt, hang, assess, further"
595,"plan, session, planning, campbell, learn, shevlin, fs46, glitched, passionate, chloe"
596,"gym, membership, mrcp, trivial, stating, mayo, letter, letterhead, silly, alcensa"
597,"verified, man, covering, 11th, jamie, case, karen, june, troubles, spoke"
598,"dissolvable, odansetron, optim, ondansetron, nauseated, regular, version, rx, ones, carol"
599,"floor, 7th, stretcher, car, ecc, jill, transfusion, moved, comes, coming"
600,"ocn, mullin, jessica, bsn, yep, katie, rn, specified, square, maryann"
601,"elena, diary, clarity, bill, thanks, into, look, day, monday, good"
602,"nose, bleeds, nosebleeds, count, platelet, clot, nostrils, humidifier, spray, saline"
603,"endoscopy, 5083, farrell, chevy, trump, quality, aslanian, drumm, prohibit, hillary"
604,"prilosec, queasy, bland, pepcid, counter, gruel, pristiq, kellie, britannia, pantoprazol"
605,"ozempic, victoza, weight, stick, cahnges, termporarily, loss, rybelsus, depending, weekly"
606,"anastrozole, monroe, pharmacy, cvs, 3933, 747, 969, yalehealth, route, kopec"
607,"stein, ratner, kd, zuckerman, pass, away, jo, promised, 1030, forgot"
608,"marlene, department, authorization, account, sent, message, source, address, number, echo"
609,"discharge, vaginal, han, stepped, castillo, encounter, sexual, washing, pathology, charge"
610,"secretaries, secretary, appointments, ilona, derosier, stephanie, our, delay, kelly, pool"
611,"supplies, ostomy, francis, husky, hollister, comfort, marlene, item, saint, adapt"
612,"alessandra, delaney, branson, ridolfi, goyal, jairam, fletcher, royal, brittany, fortunate"
613,"set, edmaire, dumont, all, tracey, anita, cristina, anne, yes, ken"
614,"referral, ri, gene, jankowski, cutney, noontime, gagnon, mir, toosy, legare"
615,"patrice, slammed, hss, chow, admin, parking, meaning, confirming, direct, person"
616,"verzenio, dosage, diarrhea, multi, lightheadedness, loperamide, game, apart, bystolic, nicknames"
617,"hahahaha, oh, keyonna, indeed, sounds, ss, jwk, then, impression, patrice"
618,"milgram, marina, mikhail, behalf, fondly, warmest, being, sent, prolonging, tit"
619,"jenna, hyslop, diane, penny, wow, healthy, holiday, february, signed, too"
620,"crcl, smoke, surgery, days, sip, lenses, bowel, wear, preparation, instructions"
621,"sober, succumbed, family, hyslop, clarifications, routing, diane, diligent, encouragement, shamshad"
622,"works, solution, helps, yes, ok, might, appreciate, thanks, much, thank"
623,"correct, tomasiewicz, justine, mayus, marcus, mistaken, sounded, yes, believe, jess"
624,"fridays, jamie, between, karen, patients, seeing, look, loupron, staffed, dream"
625,"tagrisso, huyen, nghi, gravino, emergently, ohsu, allah, chery, linh, vinh"
626,"marcinek, joanne, jay, john, marie, behalf, lewis, caroline, being, kish"
627,"ldl, cholesterol, triglycerides, tgs, hdl, ezetimibe, 142, climb, 80, 240"
628,"fasting, glucose, yhp, lfts, bill, lienhardt, lubrolide, hb, 126, 142"
629,"draw, marina, home, fasting, southington, elena, quest, moe, norwalk, norm"
630,"companies, real, jamie, base, karen, touch, insurance, thursday, these, pain"
631,"problem, no, pleasure, worries, all, 7th, bother, wish, apologize, jan"
632,"much, so, thanks, thank, you, , , , , "
633,"bruce, rubin, drucker, 2267, lung, 554, lisa, antibiotic, xray, winded"
634,"silasi, nbr, form, dates, rounds, chemo, apps, tim, 3009, 908"
635,"loperamide, optim, drugs, lomotil, ashoke, ede, silberk, aboard, 2221, 16459"
636,"emmi, program, com, flashdetectautostart, 000000, dobd, access_code, dobm, doby, jsp"
637,"refill, tamsulosin, tamoxifen, refills, tedd, cvs, tamsulisin, taxmoxifen, 2033860550, lea"
638,"connect, maintenance, allison, ipad, iphone, 10am, 7801, 266, karen, lol"
639,"weakness, sweating, excrete, sicknesses, worsen, weekend, comb, krish, symptoms, profusely"
640,"notes, summary, note, detailed, 7jun, proficient, technologically, visit, entire, beth"
641,"edu, harvard, aabannon, 617, 8672, unsuccessfully, 643, mgh, 5828, 283"
642,"rozenblit, samantha, rozenblits, upfront, emilia, owe, cassidy, update, promise, ted"
643,"michaela, referral, fax, likely, probably, most, why, didn, pull, 2032006950"
644,"xanax, ativan, worked, kortmansky, katie, haldol, forwarded, im, anxiety, past"
645,"photo, upload, attach, picture, send, photos, podiatrist, email, pics, weiss"
646,"boffa, asure, piontkowski, juts, refaxing, sugeron, summarily, spyro, dissatisfied, boffas"
647,"diarrhea, verzenio, imodium, movements, bowel, peel, explosive, pooing, naseua, maximizing"
648,"express, script, scripts, refills, refill, elequis, estring, branch, screenshot, burstein"
649,"clearance, op, mulvey, pre, surgery, loss, awaits, rosinski, orthopeaics, 0241"
650,"heather, stalking, gary, absolute, marc, disregard, anytime, ken, much, best"
651,"benadryl, prednisone, 50mg, hour, premedications, follows, joyce, po, dye, 50"
652,"letter, esa, marjuiana, liliams, clueless, caseworker, adhd, red74, albert, verifying"
653,"messages, somethings, gonna, electronics, offend, 0982, 607, crystal, 207, wrong"
654,"bob, moe, gm, casey, beforehand, harry, processing, look, lori, into"
655,"tomorrow, ryan, vanna, word, school, responding, lauren, anytime, fine, forgot"
656,"zinc, 22mg, pumpkin, drippy, seeds, citrus, tablespoon, avoid, cautioned, copper"
657,"pantoprazole, omeprazole, ulcer, endoscopy, protonix, prilosec, heartburn, opposed, bcrp, merkin"
658,"bicalutamide, bicalutimide, rx, bicaludimide, bicalumide, pretreatment, calvo, contacted, corcoran, express"
659,"radiation, neuropysch, unmanageble, lagasse, weird, 5397, 970, mis, hrt, whilst"
